Workbook

Sheet  акт заполняем первым
B1: Количество экземпляров оформляется по количеству сторон, участвующих в осмотре объекта | I1: Лицевая сторона
B2: АКТ ИНВЕНТАРИЗАЦИИ (ТЕХНИЧЕСКОГО АУДИТА)
D3: № | F3: от
C4: номер дата
B5: в рамках исполнения Федерального закона от 13.07.2024 №185-ФЗ «О внесении изменений в Федеральный закон «Об электроэнергетике» и отдельные законодательные акты Российской Федерации»
B7: Диспетчерское наименование объекта:
B8: Субъект РФ (муниципальный район, населенный пункт): | D8: г. Ульяновск
B9: Дата осмотра
B10: (формат - дд.мм.гггг): | F10: =G3 -> 0
B11: Наименование владельца (законного собственника) объекта, правовая форма:
B12: Наименование организации, эксплуатирующей объект: | D12: Филиал ПАО «Россети Волга» - «УРС» - «ЦПО»
B13: Тип оборудования и номинальное напряжения объекта: | D13: КЛ - | F13: 0.4 | G13: кВ
B14: Основание осмотра (требование НПА): | D14: Договор ДоПИ №2470-003130 от 29.12.2025
B15: Адрес (место) размещения объекта электроэнергетики: | D15: Ульяновская область
B19: Комиссия в составе:
B20: =IFERROR(IF([1]Список!$B$2=0,"",[1]Список!$B$2),"") -> Начальник СКС | D20: =IFERROR(IF([1]Список!$C$2=0,"",[1]Список!$C$2),"") -> Филиал ПАО «Россети Волга» - «УРС» - «ЦПО» | H20: =IFERROR(IF([1]Список!$D$2=0,"",[1]Список!$D$2),"") -> Захаренко Сергей Александрович
B21: должность | D21: организация | H21: Ф.И.О. полностью
B22: =IFERROR(IF([1]Список!$B$5=0,"",[1]Список!$B$5),"") -> Представитель собственника | D22: =IFERROR(IF([1]Список!$C$5=0,"",[1]Список!$C$5),"") -> АО "УльГЭС" | H22: =IFERROR(IF([1]Список!$D$5=0,"",[1]Список!$D$5),"") -> Красильников Денис Николаевич
B23: должность | D23: организация | H23: Ф.И.О. полностью
B24: =IFERROR(IF([1]Список!$B$6=0,"",[1]Список!$B$6),"") | D24: =IFERROR(IF([1]Список!$C$6=0,"",[1]Список!$C$6),"") | H24: =IFERROR(IF([1]Список!$D$6=0,"",[1]Список!$D$6),"")
B25: должность | D25: организация | H25: Ф.И.О. полностью
B26: =IFERROR(IF([1]Список!$B$7=0,"",[1]Список!$B$7),"") | D26: =IFERROR(IF([1]Список!$C$7=0,"",[1]Список!$C$7),"") | H26: =IFERROR(IF([1]Список!$D$7=0,"",[1]Список!$D$7),"")
B27: должность | D27: организация | H27: Ф.И.О. полностью
B28: =IFERROR(IF([1]Список!$B$8=0,"",[1]Список!$B$8),"") | D28: =IFERROR(IF([1]Список!$C$8=0,"",[1]Список!$C$8),"") | H28: =IFERROR(IF([1]Список!$D$8=0,"",[1]Список!$D$8),"")
B29: должность | D29: организация | H29: Ф.И.О. полностью
B30: При необходимости указать дополнительную информацию, то допускает указывать её в комментариях.
I38: Обратная сторона
C41: Комиссией осмотрено следующее оборудование (элементы) в составе объекта:
B42: № | C42: Тип оборудования | D42: Параметры | G42: Ед. изм. | H42: Кол-во | I42: Места установки оборудования (элементов)
D43: (мощность, материал, и т.п.)
B44: 1 | C44: Кабельная линия | G44: км
B54: Примечание: В случае не достаточного количества строчек заполняется еще один Акт под тем же номером, об этом делается отметка в особом мнении.
B56: Комментарий / особое мнение:
B62: Подписи:
B63: Ф.И.О. | E63: подпись | H63: дата
B64: =IFERROR(LEFT(H20,FIND(" ",H20)-1),H20)&IFERROR(" "&MID(H20,FIND(" ",H20)+1,1)&".","" )&IFERROR(" "&MID(H20,FIND(" ",H20,FIND(" ",H20)+1)+1,1)&".","") -> Захаренко С. А.
B65: =IFERROR(LEFT(H22,FIND(" ",H22)-1),H22)&IFERROR(" "&MID(H22,FIND(" ",H22)+1,1)&".","" )&IFERROR(" "&MID(H22,FIND(" ",H22,FIND(" ",H22)+1)+1,1)&".","") -> Красильников Д. Н.
B66: =IFERROR(LEFT(H24,FIND(" ",H24)-1),H24)&IFERROR(" "&MID(H24,FIND(" ",H24)+1,1)&".","" )&IFERROR(" "&MID(H24,FIND(" ",H24,FIND(" ",H24)+1)+1,1)&".","")
B67: =IFERROR(LEFT(H26,FIND(" ",H26)-1),H26)&IFERROR(" "&MID(H26,FIND(" ",H26)+1,1)&".","" )&IFERROR(" "&MID(H26,FIND(" ",H26,FIND(" ",H26)+1)+1,1)&".","")
B68: =IFERROR(LEFT(H28,FIND(" ",H28)-1),H28)&IFERROR(" "&MID(H28,FIND(" ",H28)+1,1)&".","" )&IFERROR(" "&MID(H28,FIND(" ",H28,FIND(" ",H28)+1)+1,1)&".","")

Sheet Лист осмотра КЛ заполняем втор
A1: ЧЕК-ЛИСТ ОСМОТРА №
A2: ОБЪЕКТОВ ЭЛЕКТРОСЕТЕВОГО ХОЗЯЙСТВА КЛ 0,4-10 кВ
A4: Адрес места расположения электросетевого объекта: | D4: =' акт заполняем первым'!D16 -> 0
A5: Уровень напряжения электросетевого объекта, кВ: | D5: =' акт заполняем первым'!F13 -> 0.4
A7: № пп. | B7: Диспетчерское наименование | D7: Год ввода в эксплуатацию* | E7: Инвентарный номер | F7: Координаты начала КЛ | H7: Координаты окончания КЛ | J7: Марка провода (кабеля) | K7: Сечение (кв мм) | L7: Напряжение (кв) | N7: Длинна м | O7: Соединительные муфты | Q7: Тип концевых разделок (КВЕН, КВБ, КВЭд) | R7: Дефект: "№ номер замечания" (см Приложение)
F8: Широта | G8: Долгота | H8: Широта | I8: Долгота | L8: номин | M8: рабочее | O8: к-во | P8: тип
A9: 1 | H9: ___ | I9: ___ | L9: =D5 -> 0.4 | M9: =D5 -> 0.4
A12: Общая протяженность КЛ по трассе составляет | D12: =SUM(N9:N10)/1000 -> 0 | E12: км
A14: Осмотр проведен:
A15: 1. Представитель ПАО "Россети Волга"
A16: =' акт заполняем первым'!G3 -> 0 | C16: =' акт заполняем первым'!B20&" " &' акт заполняем первым'!H20 -> Начальник СКС Захаренко Сергей Александрович
A17: (должность) (Ф.И.О.) (подпись)
A18: 2. Представитель АО "УльГЭС"
A19: =' акт заполняем первым'!G3 -> 0 | C19: =[1]Список!$B$3&" "&[1]Список!$D$3 -> директор Красильников Денис Николаевич
A20: (должность) (Ф.И.О.) (подпись)
